year,team,probowler_count,win%,division,playoffs,attendance,capacity,attend%
2006,crd,2,0.3125,4,1,63603.0,63603.0,1.0
2007,crd,2,0.5,2,1,64580.0,63313.72549019608,1.02
2008,crd,5,0.5625,1,5,64096.0,63461.38613861387,1.01
2009,crd,5,0.625,1,3,63142.0,63142.0,1.0
2010,crd,3,0.3125,4,1,62774.0,63408.08080808081,0.99
2011,crd,3,0.5,2,1,61181.0,63073.19587628865,0.97
2012,crd,3,0.3125,4,1,60890.0,63427.08333333334,0.96
2013,crd,4,0.625,3,1,61033.0,63576.04166666668,0.96
2014,crd,4,0.6875,2,2,61979.0,63243.87755102041,0.98
2015,crd,7,0.8125,1,4,64185.0,64833.33333333334,0.99
2016,crd,3,0.46875,2,1,64831.0,63559.80392156862,1.02
2017,crd,4,0.5,3,1,64217.0,64865.65656565657,0.99
2018,crd,1,0.1875,4,1,62013.0,65276.84210526317,0.95
2019,crd,2,0.34375,4,1,61323.0,65029.69247083776,0.943
2006,atl,2,0.4375,3,1,70432.0,71143.43434343435,0.99
2007,atl,0,0.25,4,1,68395.0,71244.79166666669,0.96
2008,atl,2,0.6875,2,2,64065.0,71183.33333333331,0.9
2009,atl,1,0.5625,2,1,68173.0,71013.54166666669,0.96
2010,atl,9,0.8125,1,3,67850.0,71421.05263157895,0.95
2011,atl,2,0.625,2,2,68986.0,71119.58762886598,0.97
2012,atl,5,0.8125,1,4,70096.0,71526.5306122449,0.98
2013,atl,1,0.25,3,1,70224.0,70933.33333333331,0.99
2014,atl,3,0.375,3,1,70502.0,71214.14141414141,0.99
2015,atl,4,0.5,2,1,70355.0,71065.65656565657,0.99
2016,atl,6,0.6875,1,5,69999.0,75267.74193548386,0.93
2017,atl,4,0.625,3,3,71960.0,74958.33333333334,0.96
2018,atl,4,0.4375,2,1,72898.0,75152.57731958762,0.97
2019,atl,3,0.4375,2,1,71601.0,74974.86910994764,0.955
2006,rav,7,0.8125,1,3,70818.0,68755.33980582524,1.03
2007,rav,4,0.3125,4,1,71153.0,69080.58252427184,1.03
2008,rav,5,0.6875,2,4,71269.0,71269.0,1.0
2009,rav,5,0.5625,2,3,71082.0,71082.0,1.0
2010,rav,5,0.75,2,3,71227.0,71227.0,1.0
2011,rav,8,0.75,1,4,71224.0,71224.0,1.0
2012,rav,6,0.625,1,6,71278.0,71278.0,1.0
2013,rav,4,0.5,3,1,71135.0,71135.0,1.0
2014,rav,4,0.625,3,3,71044.0,71044.0,1.0
2015,rav,4,0.3125,3,1,71002.0,71002.0,1.0
2016,rav,7,0.5,2,1,71102.0,71102.0,1.0
2017,rav,3,0.5625,2,1,70588.0,71301.01010101009,0.99
2018,rav,4,0.625,1,2,70431.0,71142.42424242424,0.99
2019,rav,12,0.875,1,3,70627.0,70981.90954773869,0.995
2006,buf,2,0.4375,3,1,67646.0,72737.63440860214,0.93
2007,buf,2,0.4375,2,1,71054.0,73251.54639175258,0.97
2008,buf,2,0.4375,4,1,71405.0,72862.24489795919,0.98
2009,buf,1,0.375,4,1,70128.0,73050.0,0.96
2010,buf,1,0.25,4,1,63195.0,72637.93103448275,0.87
2011,buf,0,0.375,4,1,62694.0,72900.0,0.86
2012,buf,3,0.375,4,1,64950.0,72977.52808988764,0.89
2013,buf,4,0.375,4,1,66267.0,72820.87912087912,0.91
2014,buf,3,0.5625,2,1,67522.0,71831.91489361702,0.94
2015,buf,4,0.5,3,1,69880.0,72791.66666666669,0.96
2016,buf,6,0.4375,3,1,68509.0,72881.91489361702,0.94
2017,buf,3,0.5625,2,2,66775.0,73379.12087912088,0.91
2018,buf,1,0.375,3,1,64961.0,72178.88888888889,0.9
2019,buf,3,0.625,2,2,68839.0,71856.99373695199,0.958
2006,car,3,0.5,2,1,73567.0,73567.0,1.0
2007,car,0,0.4375,2,1,73402.0,73402.0,1.0
2008,car,4,0.75,1,3,73210.0,73949.49494949495,0.99
2009,car,4,0.5,3,1,73289.0,74029.29292929293,0.99
2010,car,3,0.125,4,1,72620.0,74102.04081632654,0.98
2011,car,3,0.375,3,1,72292.0,73767.34693877553,0.98
2012,car,0,0.4375,2,1,73293.0,74033.33333333331,0.99
2013,car,7,0.75,1,3,73443.0,73443.0,1.0
2014,car,2,0.46875,1,3,73607.0,73607.0,1.0
2015,car,10,0.9375,1,5,74056.0,74056.0,1.0
2016,car,5,0.375,4,1,73792.0,73792.0,1.0
2017,car,4,0.6875,2,2,73617.0,73617.0,1.0
2018,car,3,0.4375,3,1,73772.0,73772.0,1.0
2019,car,3,0.3125,4,1,72220.0,73769.15219611848,0.979
2006,chi,8,0.8125,1,5,62223.0,66906.45161290323,0.93
2007,chi,4,0.4375,4,1,62158.0,66836.55913978495,0.93
2008,chi,1,0.5625,2,1,62034.0,61419.801980198026,1.01
2009,chi,2,0.4375,3,1,62250.0,61633.66336633662,1.01
2010,chi,4,0.6875,1,4,62195.0,61579.20792079208,1.01
2011,chi,6,0.5,3,1,62145.0,61529.702970297025,1.01
2012,chi,5,0.625,3,1,62329.0,61711.88118811881,1.01
2013,chi,5,0.5,2,1,62358.0,61740.594059405936,1.01
2014,chi,2,0.3125,4,1,61681.0,61681.0,1.0
2015,chi,1,0.375,4,1,62035.0,61420.79207920793,1.01
2016,chi,2,0.1875,4,1,60368.0,61600.0,0.98
2017,chi,0,0.3125,4,1,61142.0,61759.595959595965,0.99
2018,chi,8,0.75,1,2,61815.0,61202.9702970297,1.01
2019,chi,4,0.5,3,1,61916.0,61485.60079443893,1.007
2006,cin,3,0.5,2,1,65983.0,65329.702970297025,1.01
2007,cin,2,0.4375,3,1,65790.0,65790.0,1.0
2008,cin,0,0.28125,3,1,64582.0,65234.343434343435,0.99
2009,cin,1,0.625,1,2,64004.0,65310.204081632655,0.98
2010,cin,0,0.25,4,1,60364.0,65613.04347826086,0.92
2011,cin,4,0.5625,3,2,49251.0,65668.0,0.75
2012,cin,4,0.625,2,2,61188.0,65793.54838709677,0.93
2013,cin,2,0.6875,1,2,63297.0,65254.639175257726,0.97
2014,cin,4,0.65625,2,2,60703.0,65272.043010752684,0.93
2015,cin,8,0.75,1,2,61389.0,65307.446808510635,0.94
2016,cin,5,0.40625,3,1,60511.0,65772.82608695651,0.92
2017,cin,3,0.4375,3,1,53275.0,65771.6049382716,0.81
2018,cin,1,0.375,4,1,50753.0,65067.94871794872,0.78
2019,cin,1,0.125,4,1,47179.0,65526.38888888888,0.72
2006,cle,0,0.25,4,1,72334.0,71617.82178217822,1.01
2007,cle,6,0.625,2,1,73000.0,72277.22772277228,1.01
2008,cle,3,0.25,4,1,72778.0,73513.13131313129,0.99
2009,cle,2,0.3125,4,1,68888.0,73285.10638297872,0.94
2010,cle,2,0.3125,3,1,66116.0,73462.22222222223,0.9
2011,cle,1,0.25,4,1,65859.0,73176.66666666669,0.9
2012,cle,3,0.3125,4,1,66632.0,73221.97802197802,0.91
2013,cle,6,0.25,4,1,71242.0,73445.36082474228,0.97
2014,cle,4,0.4375,4,1,67425.0,73288.04347826086,0.92
2015,cle,3,0.1875,4,1,66186.0,73540.0,0.9
2016,cle,1,0.0625,4,1,64311.0,73080.68181818182,0.88
2017,cle,1,0.0,4,1,63882.0,73427.58620689655,0.87
2018,cle,4,0.46875,3,1,65765.0,67107.14285714286,0.98
2019,cle,3,0.375,3,1,67431.0,67431.0,1.0
2006,dal,7,0.5625,2,2,63288.0,65925.0,0.96
2007,dal,13,0.8125,1,3,63534.0,65498.96907216495,0.97
2008,dal,6,0.5625,3,1,63368.0,66008.33333333334,0.96
2009,dal,9,0.6875,1,3,89756.0,80139.28571428571,1.12
2010,dal,6,0.375,3,1,87047.0,79859.63302752293,1.09
2011,dal,2,0.5,3,1,85512.0,79917.75700934579,1.07
2012,dal,3,0.5,3,1,88531.0,79757.65765765765,1.11
2013,dal,5,0.5,2,1,88043.0,80039.0909090909,1.1
2014,dal,8,0.75,1,3,90069.0,79707.07964601771,1.13
2015,dal,5,0.25,4,1,91459.0,99411.95652173912,0.92
2016,dal,7,0.8125,1,3,92539.0,79775.0,1.16
2017,dal,5,0.5625,2,1,92721.0,99700.0,0.93
2018,dal,7,0.625,1,3,91619.0,99585.8695652174,0.92
2019,dal,6,0.5,2,1,90929.0,100031.90319031905,0.909
2006,den,3,0.5625,3,1,76347.0,76347.0,1.0
2007,den,2,0.4375,2,1,76611.0,75852.47524752475,1.01
2008,den,3,0.5,2,1,75509.0,76271.71717171717,0.99
2009,den,5,0.5,2,1,75116.0,75874.74747474748,0.99
2010,den,2,0.25,4,1,74908.0,76436.73469387756,0.98
2011,den,6,0.5,1,3,75327.0,76087.87878787878,0.99
2012,den,7,0.8125,1,3,76632.0,75873.26732673268,1.01
2013,den,5,0.8125,1,5,76872.0,76110.8910891089,1.01
2014,den,11,0.75,1,3,76939.0,76177.22772277228,1.01
2015,den,4,0.75,1,6,76922.0,76160.39603960396,1.01
2016,den,6,0.5625,3,1,76774.0,76013.86138613861,1.01
2017,den,2,0.3125,4,1,76355.0,76355.0,1.0
2018,den,4,0.375,3,1,76446.0,76446.0,1.0
2019,den,2,0.4375,2,1,75937.0,76089.17835671343,0.998
2006,det,1,0.1875,4,1,60889.0,64775.531914893625,0.94
2007,det,0,0.4375,3,1,61304.0,65217.021276595755,0.94
2008,det,0,0.0,4,1,54497.0,64114.117647058825,0.85
2009,det,0,0.125,4,1,49395.0,64149.35064935066,0.77
2010,det,2,0.375,3,1,56285.0,64695.402298850575,0.87
2011,det,1,0.625,2,2,63742.0,64385.85858585859,0.99
2012,det,3,0.25,4,1,63769.0,64413.13131313132,0.99
2013,det,2,0.4375,3,1,63796.0,64440.404040404035,0.99
2014,det,5,0.6875,2,2,63024.0,64310.204081632655,0.98
2015,det,2,0.4375,3,1,61347.0,65262.76595744682,0.94
2016,det,1,0.5625,2,2,60792.0,64672.340425531926,0.94
2017,det,2,0.5625,2,1,64137.0,64784.84848484849,0.99
2018,det,2,0.375,4,1,62795.0,64737.113402061856,0.97
2019,det,2,0.21875,4,1,61342.0,64502.62881177707,0.951
2006,gnb,2,0.5,2,1,70718.0,60963.79310344827,1.16
2007,gnb,5,0.8125,1,4,70805.0,60517.09401709402,1.17
2008,gnb,3,0.375,3,1,70682.0,72868.0412371134,0.97
2009,gnb,4,0.6875,2,2,70708.0,72894.84536082475,0.97
2010,gnb,6,0.625,2,6,70795.0,72984.53608247422,0.97
2011,gnb,7,0.9375,1,3,70512.0,72692.78350515464,0.97
2012,gnb,4,0.6875,1,3,70507.0,72687.62886597938,0.97
2013,gnb,1,0.53125,1,2,77947.0,72847.66355140187,1.07
2014,gnb,7,0.75,1,4,78139.0,73027.10280373831,1.07
2015,gnb,5,0.625,2,3,78413.0,73283.17757009345,1.07
2016,gnb,4,0.625,1,4,78215.0,81473.95833333334,0.96
2017,gnb,2,0.4375,3,1,78092.0,72983.17757009345,1.07
2018,gnb,2,0.40625,3,1,77834.0,81077.08333333334,0.96
2019,gnb,5,0.8125,1,4,77845.0,81427.82426778242,0.956
2006,htx,1,0.375,4,1,70183.0,69488.11881188117,1.01
2007,htx,1,0.5,4,1,70519.0,69136.27450980393,1.02
2008,htx,3,0.5,3,1,70420.0,71131.31313131313,0.99
2009,htx,5,0.5625,2,1,70608.0,71321.21212121213,0.99
2010,htx,3,0.375,3,1,71080.0,71080.0,1.0
2011,htx,4,0.625,1,3,71496.0,70788.11881188117,1.01
2012,htx,9,0.75,1,3,71665.0,70955.44554455446,1.01
2013,htx,3,0.125,4,1,71658.0,70948.51485148515,1.01
2014,htx,3,0.5625,2,1,71766.0,71055.44554455446,1.01
2015,htx,3,0.5625,1,2,71769.0,71058.41584158415,1.01
2016,htx,1,0.5625,1,3,71868.0,71156.43564356437,1.01
2017,htx,2,0.25,3,1,71774.0,71063.36633663367,1.01
2018,htx,6,0.6875,1,2,71804.0,71804.0,1.0
2019,htx,3,0.625,1,3,71793.0,72009.02708124374,0.997
2006,clt,5,0.75,1,6,,,
2007,clt,6,0.8125,1,3,,,
2008,clt,4,0.75,2,2,66378.0,63217.142857142855,1.05
2009,clt,7,0.875,1,5,66549.0,62782.07547169812,1.06
2010,clt,5,0.625,1,2,66975.0,63183.962264150934,1.06
2011,clt,1,0.125,4,1,64828.0,62939.80582524272,1.03
2012,clt,3,0.6875,2,2,65189.0,62681.73076923077,1.04
2013,clt,3,0.6875,1,3,65950.0,62809.52380952381,1.05
2014,clt,7,0.6875,1,4,65375.0,62860.57692307692,1.04
2015,clt,3,0.5,2,1,66047.0,62901.904761904756,1.05
2016,clt,2,0.5,3,1,65549.0,63027.88461538461,1.04
2017,clt,2,0.25,3,1,63440.0,62811.88118811881,1.01
2018,clt,3,0.625,2,3,59199.0,62977.65957446809,0.94
2019,clt,4,0.4375,3,1,61110.0,63000.0,0.97
2006,jax,2,0.5,3,1,66858.0,66858.0,1.0
2007,jax,1,0.6875,2,3,65301.0,67320.61855670104,0.97
2008,jax,0,0.3125,4,1,65167.0,67182.47422680412,0.97
2009,jax,2,0.4375,4,1,49651.0,67095.94594594595,0.74
2010,jax,3,0.5,2,1,63032.0,67055.31914893618,0.94
2011,jax,2,0.3125,3,1,62331.0,67022.58064516129,0.93
2012,jax,0,0.125,4,1,64984.0,66993.81443298969,0.97
2013,jax,1,0.25,3,1,59940.0,67348.31460674157,0.89
2014,jax,0,0.1875,3,1,62961.0,66979.78723404255,0.94
2015,jax,1,0.3125,3,1,61463.0,66807.60869565218,0.92
2016,jax,0,0.1875,4,1,61915.0,67298.91304347826,0.92
2017,jax,6,0.625,1,4,64303.0,66982.29166666669,0.96
2018,jax,2,0.3125,4,1,66674.0,68034.69387755102,0.98
2019,jax,3,0.375,4,1,63085.0,67833.33333333331,0.93
2006,kan,4,0.5625,2,2,77909.0,79498.97959183673,0.98
2007,kan,2,0.25,3,1,76777.0,79151.54639175258,0.97
2008,kan,2,0.125,4,1,74077.0,76368.0412371134,0.97
2009,kan,0,0.25,4,1,67514.0,76720.45454545454,0.88
2010,kan,5,0.625,1,2,67672.0,76900.0,0.88
2011,kan,2,0.4375,4,1,72082.0,76682.97872340426,0.94
2012,kan,6,0.125,4,1,68508.0,76975.2808988764,0.89
2013,kan,10,0.6875,2,2,75359.0,76896.93877551019,0.98
2014,kan,4,0.5625,2,1,74967.0,76496.93877551019,0.98
2015,kan,6,0.6875,2,3,74086.0,76377.31958762888,0.97
2016,kan,7,0.75,1,3,73328.0,76383.33333333334,0.96
2017,kan,4,0.625,1,2,74106.0,76397.9381443299,0.97
2018,kan,6,0.75,1,4,75972.0,76739.39393939394,0.99
2019,kan,6,0.75,1,6,73465.0,76446.40998959418,0.961
2006,sdg,11,0.875,1,3,66378.0,71374.19354838709,0.93
2007,sdg,9,0.6875,1,4,65502.0,71197.82608695651,0.92
2008,sdg,2,0.5,1,3,68138.0,70977.08333333334,0.96
2009,sdg,6,0.8125,1,3,67543.0,71097.8947368421,0.95
2010,sdg,4,0.5625,2,1,65530.0,71228.26086956523,0.92
2011,sdg,5,0.5,2,1,65392.0,71078.26086956523,0.92
2012,sdg,0,0.4375,2,1,59964.0,71385.71428571429,0.84
2013,sdg,2,0.5625,3,3,64205.0,71338.88888888889,0.9
2014,sdg,2,0.5625,2,1,65432.0,71121.73913043477,0.92
2015,sdg,1,0.25,4,1,66772.0,70286.3157894737,0.95
2016,sdg,3,0.3125,4,1,57024.0,71280.0,0.8
2017,sdg,6,0.5625,2,1,,,
2018,sdg,7,0.75,2,3,32768.0,27080.99173553719,1.21
2019,sdg,3,0.3125,4,1,31750.0,26906.77966101695,1.18
2006,ram,3,0.5,2,1,65326.0,65326.0,1.0
2007,ram,1,0.1875,4,1,64294.0,65606.12244897959,0.98
2008,ram,0,0.125,4,1,59980.0,65195.65217391304,0.92
2009,ram,1,0.0625,4,1,55237.0,64984.70588235294,0.85
2010,ram,1,0.4375,2,1,52922.0,65335.8024691358,0.81
2011,ram,0,0.125,4,1,56394.0,65574.41860465116,0.86
2012,ram,0,0.46875,3,1,56703.0,65175.862068965514,0.87
2013,ram,2,0.4375,4,1,56957.0,65467.81609195402,0.87
2014,ram,2,0.375,4,1,57018.0,65537.93103448275,0.87
2015,ram,3,0.4375,3,1,52402.0,65502.5,0.8
2016,ram,3,0.25,3,1,74121.0,82356.66666666669,0.9
2017,ram,8,0.6875,1,2,63392.0,93223.52941176471,0.68
2018,ram,4,0.8125,1,5,72429.0,94063.63636363637,0.77
2019,ram,1,0.5625,3,1,71229.0,76755.38793103451,0.928
2006,mia,2,0.375,4,1,,,
2007,mia,1,0.0625,4,1,,,
2008,mia,3,0.6875,1,2,65489.0,75274.71264367815,0.87
2009,mia,3,0.4375,3,1,67542.0,75046.66666666669,0.9
2010,mia,4,0.4375,3,1,67744.0,75271.11111111111,0.9
2011,mia,3,0.375,3,1,60886.0,75167.90123456791,0.81
2012,mia,4,0.4375,2,1,57379.0,75498.68421052633,0.76
2013,mia,4,0.5,3,1,64319.0,74789.53488372093,0.86
2014,mia,3,0.5,3,1,70035.0,75306.45161290323,0.93
2015,mia,5,0.375,4,1,67193.0,65235.92233009709,1.03
2016,mia,4,0.625,2,2,65512.0,65512.0,1.0
2017,mia,2,0.375,3,1,67627.0,65025.96153846153,1.04
2018,mia,1,0.4375,2,1,65560.0,64910.89108910892,1.01
2019,mia,0,0.3125,4,1,63067.0,64750.513347022585,0.974
2006,min,4,0.375,3,1,,,
2007,min,7,0.5,2,1,,,
2008,min,6,0.625,1,2,63267.0,63906.060606060615,0.99
2009,min,10,0.75,1,4,63775.0,63775.0,1.0
2010,min,4,0.375,4,1,58751.0,62501.063829787236,0.94
2011,min,2,0.1875,4,1,62816.0,64097.959183673476,0.98
2012,min,7,0.625,2,2,60725.0,63921.05263157897,0.95
2013,min,2,0.34375,4,1,64019.0,64019.0,1.0
2014,min,0,0.4375,3,1,52238.0,49750.47619047619,1.05
2015,min,5,0.6875,1,2,52430.0,52430.0,1.0
2016,min,6,0.5,3,1,66786.0,66786.0,1.0
2017,min,7,0.8125,1,4,66721.0,73319.78021978022,0.91
2018,min,4,0.53125,2,1,66811.0,66811.0,1.0
2019,min,8,0.625,2,3,66849.0,66649.05284147558,1.003
2006,nwe,2,0.75,1,4,68756.0,68075.24752475247,1.01
2007,nwe,8,1.0,1,5,68756.0,68075.24752475247,1.01
2008,nwe,2,0.6875,2,1,68756.0,68756.0,1.0
2009,nwe,5,0.625,1,2,68756.0,68756.0,1.0
2010,nwe,8,0.875,1,3,68756.0,68756.0,1.0
2011,nwe,8,0.8125,1,5,68756.0,68756.0,1.0
2012,nwe,7,0.75,1,4,68755.0,68755.0,1.0
2013,nwe,5,0.75,1,4,68756.0,68756.0,1.0
2014,nwe,5,0.75,1,6,68756.0,68756.0,1.0
2015,nwe,7,0.75,1,4,66829.0,68895.8762886598,0.97
2016,nwe,4,0.875,1,6,66829.0,68895.8762886598,0.97
2017,nwe,4,0.8125,1,5,65878.0,65878.0,1.0
2018,nwe,2,0.6875,1,6,65878.0,65878.0,1.0
2019,nwe,3,0.75,1,2,65753.0,65884.76953907816,0.998
2006,nor,3,0.625,1,4,68808.0,73200.0,0.94
2007,nor,0,0.4375,3,1,70004.0,72920.83333333334,0.96
2008,nor,2,0.5,4,1,70092.0,73012.5,0.96
2009,nor,7,0.8125,1,6,70105.0,73026.04166666669,0.96
2010,nor,5,0.6875,2,2,70038.0,72956.25,0.96
2011,nor,5,0.8125,1,3,73042.0,73042.0,1.0
2012,nor,4,0.4375,3,1,72888.0,72888.0,1.0
2013,nor,5,0.6875,2,3,72901.0,72901.0,1.0
2014,nor,4,0.4375,2,1,73112.0,73112.0,1.0
2015,nor,1,0.4375,3,1,73038.0,76081.25,0.96
2016,nor,1,0.4375,3,1,73109.0,73109.0,1.0
2017,nor,7,0.6875,1,3,73139.0,76186.45833333334,0.96
2018,nor,8,0.8125,1,4,73051.0,73051.0,1.0
2019,nor,11,0.8125,1,2,73082.0,73008.99100899101,1.001
2006,nyg,3,0.5,3,2,78613.0,78613.0,1.0
2007,nyg,1,0.625,2,6,78731.0,78731.0,1.0
2008,nyg,7,0.75,1,3,79069.0,82363.54166666669,0.96
2009,nyg,4,0.5,3,1,78701.0,80307.14285714286,0.98
2010,nyg,5,0.625,2,1,79019.0,82311.45833333334,0.96
2011,nyg,2,0.5625,1,6,79475.0,82786.45833333334,0.96
2012,nyg,4,0.5625,2,1,80495.0,82137.75510204081,0.98
2013,nyg,1,0.4375,3,1,80148.0,82626.80412371134,0.97
2014,nyg,1,0.375,3,1,78967.0,82257.29166666669,0.96
2015,nyg,4,0.375,3,1,79001.0,82292.70833333334,0.96
2016,nyg,4,0.6875,2,2,78789.0,82071.875,0.96
2017,nyg,1,0.1875,4,1,77179.0,82105.31914893618,0.94
2018,nyg,5,0.3125,4,1,76940.0,82731.18279569891,0.93
2019,nyg,0,0.25,3,1,74664.0,82501.65745856354,0.905
2006,nyj,1,0.625,2,2,77321.0,78898.97959183673,0.98
2007,nyj,0,0.25,3,1,77106.0,78679.59183673469,0.98
2008,nyj,7,0.5625,3,1,78482.0,82612.63157894737,0.95
2009,nyj,5,0.5625,2,4,77052.0,80262.5,0.96
2010,nyj,3,0.6875,2,4,78596.0,82732.63157894737,0.95
2011,nyj,4,0.5,2,1,78986.0,82277.08333333334,0.96
2012,nyj,2,0.375,3,1,79088.0,82383.33333333334,0.96
2013,nyj,2,0.5,2,1,76957.0,82749.46236559139,0.93
2014,nyj,2,0.25,4,1,78160.0,82273.68421052633,0.95
2015,nyj,5,0.625,2,1,78160.0,82273.68421052633,0.95
2016,nyj,1,0.3125,4,1,78160.0,82273.68421052633,0.95
2017,nyj,0,0.3125,4,1,77562.0,82512.76595744681,0.94
2018,nyj,3,0.25,4,1,77982.0,82086.3157894737,0.95
2019,nyj,1,0.4375,3,1,78523.0,82482.14285714286,0.952
2006,rai,1,0.125,4,1,,,
2007,rai,1,0.25,4,1,,,
2008,rai,2,0.3125,3,1,57850.0,62880.43478260869,0.92
2009,rai,3,0.3125,3,1,44284.0,63262.857142857145,0.7
2010,rai,4,0.5,3,1,46431.0,62744.59459459459,0.74
2011,rai,4,0.5,3,1,59242.0,63023.404255319154,0.94
2012,rai,1,0.25,3,1,54216.0,63041.86046511628,0.86
2013,rai,1,0.25,4,1,50444.0,63055.0,0.8
2014,rai,1,0.1875,4,1,57416.0,55743.68932038834,1.03
2015,rai,5,0.4375,3,1,54613.0,62773.5632183908,0.87
2016,rai,7,0.75,2,2,54584.0,62740.22988505747,0.87
2017,rai,5,0.375,3,1,57775.0,62798.913043478264,0.92
2018,rai,1,0.25,4,1,57919.0,56232.038834951454,1.03
2019,rai,2,0.4375,2,1,52549.0,56022.38805970149,0.938
2006,phi,3,0.625,1,3,69224.0,65927.61904761904,1.05
2007,phi,3,0.5,4,1,68169.0,66183.49514563108,1.03
2008,phi,2,0.59375,2,4,69144.0,67788.23529411765,1.02
2009,phi,9,0.6875,2,2,69144.0,67788.23529411765,1.02
2010,phi,5,0.625,1,2,69144.0,67788.23529411765,1.02
2011,phi,3,0.5,2,1,69144.0,67788.23529411765,1.02
2012,phi,0,0.25,4,1,69144.0,67788.23529411765,1.02
2013,phi,5,0.625,1,2,69144.0,67788.23529411765,1.02
2014,phi,8,0.625,2,1,69596.0,67568.93203883494,1.03
2015,phi,4,0.4375,2,1,69483.0,67459.22330097087,1.03
2016,phi,4,0.4375,4,1,69596.0,67568.93203883494,1.03
2017,phi,6,0.8125,1,6,69596.0,69596.0,1.0
2018,phi,5,0.5625,2,3,69696.0,69696.0,1.0
2019,phi,6,0.5625,1,2,69783.0,69713.28671328672,1.001
2006,pit,4,0.5,3,1,62432.0,65033.33333333334,0.96
2007,pit,6,0.625,1,2,62084.0,64670.83333333334,0.96
2008,pit,3,0.75,1,6,62890.0,64835.051546391755,0.97
2009,pit,4,0.5625,3,1,63485.0,64780.61224489796,0.98
2010,pit,4,0.75,1,5,63083.0,65034.0206185567,0.97
2011,pit,7,0.75,2,2,63034.0,64983.50515463918,0.97
2012,pit,2,0.5,3,1,61141.0,65043.6170212766,0.94
2013,pit,2,0.5,2,1,57311.0,65126.13636363637,0.88
2014,pit,5,0.6875,1,2,62226.0,64818.75,0.96
2015,pit,3,0.625,2,3,64356.0,65669.38775510204,0.98
2016,pit,6,0.6875,1,4,64312.0,64961.61616161616,0.99
2017,pit,10,0.8125,1,3,62471.0,68649.45054945054,0.91
2018,pit,8,0.59375,2,1,63456.0,68232.25806451612,0.93
2019,pit,5,0.5,2,1,62237.0,68392.30769230769,0.91
2006,sfo,3,0.4375,3,1,68150.0,70257.73195876289,0.97
2007,sfo,2,0.3125,3,1,68028.0,70131.9587628866,0.97
2008,sfo,1,0.4375,2,1,67512.0,70325.0,0.96
2009,sfo,5,0.5,2,1,69732.0,70436.36363636362,0.99
2010,sfo,2,0.375,3,1,69732.0,70436.36363636362,0.99
2011,sfo,9,0.8125,1,4,69732.0,70436.36363636362,0.99
2012,sfo,9,0.71875,1,5,69732.0,70436.36363636362,0.99
2013,sfo,9,0.75,2,4,69732.0,70436.36363636362,0.99
2014,sfo,3,0.5,3,1,70774.0,68712.6213592233,1.03
2015,sfo,2,0.3125,4,1,70799.0,68736.89320388349,1.03
2016,sfo,0,0.125,4,1,70178.0,68801.96078431372,1.02
2017,sfo,2,0.375,4,1,70144.0,68768.62745098039,1.02
2018,sfo,3,0.25,3,1,69148.0,68463.36633663367,1.01
2019,sfo,4,0.8125,1,5,70305.0,68523.39181286549,1.026
2006,sea,4,0.5625,1,3,67977.0,66644.11764705883,1.02
2007,sea,6,0.625,1,3,68193.0,66855.88235294117,1.02
2008,sea,2,0.25,3,1,67995.0,66661.76470588235,1.02
2009,sea,0,0.3125,3,1,67392.0,66724.75247524753,1.01
2010,sea,0,0.4375,1,3,66992.0,66992.0,1.0
2011,sea,5,0.4375,3,1,66413.0,67083.83838383839,0.99
2012,sea,6,0.6875,2,3,67946.0,67273.26732673268,1.01
2013,sea,6,0.8125,1,6,68197.0,66859.80392156863,1.02
2014,sea,5,0.75,1,5,68412.0,68412.0,1.0
2015,sea,7,0.625,2,3,69020.0,67009.70873786407,1.03
2016,sea,7,0.65625,1,3,69073.0,67061.16504854367,1.03
2017,sea,6,0.5625,2,1,68976.0,66966.99029126213,1.03
2018,sea,3,0.625,2,2,69001.0,69001.0,1.0
2019,sea,3,0.6875,2,3,68990.0,68715.13944223107,1.004
2006,tam,3,0.25,4,1,65582.0,65582.0,1.0
2007,tam,1,0.5625,1,2,65316.0,65316.0,1.0
2008,tam,4,0.5625,3,1,64511.0,65827.55102040818,0.98
2009,tam,0,0.1875,4,1,62991.0,65615.625,0.96
2010,tam,1,0.625,3,1,49314.0,65752.0,0.75
2011,tam,1,0.25,4,1,56614.0,65830.23255813954,0.86
2012,tam,3,0.4375,4,1,55102.0,65597.61904761905,0.84
2013,tam,2,0.25,4,1,58818.0,65353.33333333332,0.9
2014,tam,1,0.125,4,1,59659.0,65559.34065934065,0.91
2015,tam,5,0.375,4,1,61560.0,65489.36170212767,0.94
2016,tam,2,0.5625,2,1,60624.0,65895.65217391304,0.92
2017,tam,2,0.3125,4,1,59952.0,65881.31868131868,0.91
2018,tam,1,0.3125,4,1,54356.0,65489.156626506025,0.83
2019,tam,3,0.4375,2,1,51898.0,65610.61946902655,0.7909999999999999
2006,oti,1,0.5,2,1,69143.0,67129.12621359223,1.03
2007,oti,3,0.625,3,2,69143.0,67129.12621359223,1.03
2008,oti,8,0.8125,1,3,69143.0,69143.0,1.0
2009,oti,4,0.5,3,1,69143.0,69143.0,1.0
2010,oti,4,0.375,4,1,69143.0,69143.0,1.0
2011,oti,0,0.5625,2,1,69143.0,69143.0,1.0
2012,oti,0,0.375,3,1,69143.0,69143.0,1.0
2013,oti,1,0.4375,2,1,69143.0,69143.0,1.0
2014,oti,0,0.125,4,1,69143.0,69143.0,1.0
2015,oti,2,0.1875,4,1,62304.0,69226.66666666669,0.9
2016,oti,5,0.5625,2,1,64659.0,68786.17021276598,0.94
2017,oti,6,0.5625,2,3,65651.0,69106.3157894737,0.95
2018,oti,3,0.5625,3,1,64520.0,69376.3440860215,0.93
2019,oti,4,0.5625,2,4,64509.0,69141.47909967847,0.933
2006,was,2,0.3125,4,1,87631.0,80395.41284403669,1.09
2007,was,4,0.5625,3,2,88090.0,80081.81818181818,1.1
2008,was,4,0.5,4,1,88604.0,91344.32989690722,0.97
2009,was,2,0.25,4,1,84794.0,91176.3440860215,0.93
2010,was,3,0.375,4,1,83172.0,91397.8021978022,0.91
2011,was,1,0.3125,4,1,76921.0,91572.61904761904,0.84
2012,was,5,0.625,1,2,79654.0,91556.32183908042,0.87
2013,was,3,0.1875,4,1,77220.0,91928.57142857145,0.84
2014,was,2,0.25,4,1,77964.0,91722.35294117649,0.85
2015,was,1,0.5625,1,2,76209.0,84676.66666666669,0.9
2016,was,5,0.53125,3,1,78304.0,81566.66666666669,0.96
2017,was,3,0.4375,3,1,75175.0,85426.13636363638,0.88
2018,was,2,0.4375,3,1,61028.0,82470.27027027027,0.74
2019,was,2,0.1875,4,1,65488.0,81962.4530663329,0.799
